{"sfkws_myocardium": [2.6391168230682993, 4.0779357886520335], "Kct_myocardium": [500000.0, 5000000.0]}