{"sfkws_myocardium": [2.1408060913528524, 10.291673021103154], "ejection_pressure_threshold_lv": [134926.31338063753, 146621.07315420857], "sf_gcal": [1.7378242802253696, 5.1705193514644545], "Kct_myocardium": [129264017.12858014, 251303358.7582866], "tref_scaling_myocardium": [9.000546149506766, 17.468050245630135]}