{"tref_scaling_myocardium":  [10, 20],
"cal50_myocardium":  [0.3, 2.5],
"sfkws_myocardium":  [3, 7],
"pericardial_stiffness":  [200000, 5000000],
"Kct_myocardium":  [100000, 5000000],
"a_myocardium": [570, 6100],
"af_myocardium":  [15600, 215000],
"as_myocardium":  [7000, 68410],
"afs_myocardium":  [2160, 4600],
"arterial_resistance_lv":  [500, 999],
"arterial_compliance_lv":  [0.000075, 0.00015],
"ejection_pressure_threshold_lv": [50000, 100000],
"gain_error_contraction_lv":  [0.5, 2],
"gain_derror_contraction_lv": [5, 20],
"gain_error_relaxation_lv":[0.05, 0.2],
"gain_derror_relaxation_lv":  [0.15, 0.6],
"sigma_f":  [0.0012728, 0.0019092],
"sigma_s":  [0.0008304, 0.0012456],
"sigma_n":  [0.001032, 0.001548]}