{
  "name": "heart",
  "alya_version": "alya-compbiomed2",
  "spatial_dimensions": 3,
  "run_type": "PRELIMINARY",
  "warm_start_write_out_frequency": 10000,
  "geometry_scaling": [1.0, 1.0, 1.0],
  "geometry_translation": [0.0, 0.0, 0.0],
  "time_start": 0.0,
  "time_end": 0.8,
  "time_function_type": "DISCRETE",
  "time_function": [[0.8, 2e-5]],
  "physics": ["SOLIDZ", "EXMEDI"],
  "x_scale": 1.0,
  "y_scale": 1.0,
  "z_scale": 1.0,
  "x_translation": 0.0,
  "y_translation": 0.0,
  "z_translation": 0.0,
  "sigma": [[0.003, 0.001, 0.001], [0.00001, 0.00001, 0.00001]],
  "prestress_time": 0.02,
  "electrode_coordinates_filename": [[24.028,2.7079,18.981],
                                      [-10.411,4.835,23.629],
                                      [16.554,2.5196,-21.218],
                                      [-10.824,2.0543,-16.935],
                                      [2.1784,-3.3824,4.871],
                                      [5.913,-3.6821,3.7479],
                                      [8.5975,-3.8031,1.7187],
                                      [11.029,-3.6984,-0.65009],
                                      [19.535,1.4609,-0.13125],
                                      [21.344,8.9434,4.4915]],
  "cell_model": ["TORORD IKCAON CONTROL", "TORORD IKCAON CONTROL"],
  "cell_filename": ["cell.txt", "cell2.txt"]
}
