{"sfkws_myocardium": [2.6391168230682993, 4.0779357886520335], "Kct_myocardium": [500000.0, 5000000.0], "arterial_compliance_lv": [0.0016, 0.002], "sf_gcal": [1.8, 2.0]}